{
  "mu_s": 0.11119021353118116,
  "sigma_s": 0.48649820207568567,
  "rho": -0.3680159137155432,
  "gamma_pi_s": -3.5970287536571397,
  "debt_0": 8222070000.0,
  "shares_0": 320440000.0,
  "preferred_liq_0": 10229353900.0,
  "preferred_annual_div_0": 976573822.0,
  "nav_floor": 1.0,
  "ou_kappa": 5.2136544604770165,
  "ou_theta": 1.0805109745558952,
  "ou_sigma": 3.7943578361266157,
  "holdings_alpha": 0.0,
  "holdings_lambda_m": 19.04976051091006,
  "holdings_mean_jump_size": 7043.551020408163
}